[{"model": "auth.permission", "pk": 1, "fields": {"name": "Can add log entry", "content_type": 1, "codename": "add_logentry"}}, {"model": "auth.permission", "pk": 2, "fields": {"name": "Can change log entry", "content_type": 1, "codename": "change_logentry"}}, {"model": "auth.permission", "pk": 3, "fields": {"name": "Can delete log entry", "content_type": 1, "codename": "delete_logentry"}}, {"model": "auth.permission", "pk": 4, "fields": {"name": "Can view log entry", "content_type": 1, "codename": "view_logentry"}}, {"model": "auth.permission", "pk": 5, "fields": {"name": "Can add permission", "content_type": 2, "codename": "add_permission"}}, {"model": "auth.permission", "pk": 6, "fields": {"name": "Can change permission", "content_type": 2, "codename": "change_permission"}}, {"model": "auth.permission", "pk": 7, "fields": {"name": "Can delete permission", "content_type": 2, "codename": "delete_permission"}}, {"model": "auth.permission", "pk": 8, "fields": {"name": "Can view permission", "content_type": 2, "codename": "view_permission"}}, {"model": "auth.permission", "pk": 9, "fields": {"name": "Can add group", "content_type": 3, "codename": "add_group"}}, {"model": "auth.permission", "pk": 10, "fields": {"name": "Can change group", "content_type": 3, "codename": "change_group"}}, {"model": "auth.permission", "pk": 11, "fields": {"name": "Can delete group", "content_type": 3, "codename": "delete_group"}}, {"model": "auth.permission", "pk": 12, "fields": {"name": "Can view group", "content_type": 3, "codename": "view_group"}}, {"model": "auth.permission", "pk": 13, "fields": {"name": "Can add user", "content_type": 4, "codename": "add_user"}}, {"model": "auth.permission", "pk": 14, "fields": {"name": "Can change user", "content_type": 4, "codename": "change_user"}}, {"model": "auth.permission", "pk": 15, "fields": {"name": "Can delete user", "content_type": 4, "codename": "delete_user"}}, {"model": "auth.permission", "pk": 16, "fields": {"name": "Can view user", "content_type": 4, "codename": "view_user"}}, {"model": "auth.permission", "pk": 17, "fields": {"name": "Can add content type", "content_type": 5, "codename": "add_contenttype"}}, {"model": "auth.permission", "pk": 18, "fields": {"name": "Can change content type", "content_type": 5, "codename": "change_contenttype"}}, {"model": "auth.permission", "pk": 19, "fields": {"name": "Can delete content type", "content_type": 5, "codename": "delete_contenttype"}}, {"model": "auth.permission", "pk": 20, "fields": {"name": "Can view content type", "content_type": 5, "codename": "view_contenttype"}}, {"model": "auth.permission", "pk": 21, "fields": {"name": "Can add session", "content_type": 6, "codename": "add_session"}}, {"model": "auth.permission", "pk": 22, "fields": {"name": "Can change session", "content_type": 6, "codename": "change_session"}}, {"model": "auth.permission", "pk": 23, "fields": {"name": "Can delete session", "content_type": 6, "codename": "delete_session"}}, {"model": "auth.permission", "pk": 24, "fields": {"name": "Can view session", "content_type": 6, "codename": "view_session"}}, {"model": "auth.permission", "pk": 25, "fields": {"name": "Can add country", "content_type": 7, "codename": "add_country"}}, {"model": "auth.permission", "pk": 26, "fields": {"name": "Can change country", "content_type": 7, "codename": "change_country"}}, {"model": "auth.permission", "pk": 27, "fields": {"name": "Can delete country", "content_type": 7, "codename": "delete_country"}}, {"model": "auth.permission", "pk": 28, "fields": {"name": "Can view country", "content_type": 7, "codename": "view_country"}}, {"model": "auth.permission", "pk": 29, "fields": {"name": "Can add state", "content_type": 8, "codename": "add_state"}}, {"model": "auth.permission", "pk": 30, "fields": {"name": "Can change state", "content_type": 8, "codename": "change_state"}}, {"model": "auth.permission", "pk": 31, "fields": {"name": "Can delete state", "content_type": 8, "codename": "delete_state"}}, {"model": "auth.permission", "pk": 32, "fields": {"name": "Can view state", "content_type": 8, "codename": "view_state"}}, {"model": "auth.permission", "pk": 33, "fields": {"name": "Can add city", "content_type": 9, "codename": "add_city"}}, {"model": "auth.permission", "pk": 34, "fields": {"name": "Can change city", "content_type": 9, "codename": "change_city"}}, {"model": "auth.permission", "pk": 35, "fields": {"name": "Can delete city", "content_type": 9, "codename": "delete_city"}}, {"model": "auth.permission", "pk": 36, "fields": {"name": "Can view city", "content_type": 9, "codename": "view_city"}}, {"model": "auth.permission", "pk": 37, "fields": {"name": "Can add store", "content_type": 10, "codename": "add_store"}}, {"model": "auth.permission", "pk": 38, "fields": {"name": "Can change store", "content_type": 10, "codename": "change_store"}}, {"model": "auth.permission", "pk": 39, "fields": {"name": "Can delete store", "content_type": 10, "codename": "delete_store"}}, {"model": "auth.permission", "pk": 40, "fields": {"name": "Can view store", "content_type": 10, "codename": "view_store"}}, {"model": "auth.permission", "pk": 41, "fields": {"name": "Can add client", "content_type": 11, "codename": "add_client"}}, {"model": "auth.permission", "pk": 42, "fields": {"name": "Can change client", "content_type": 11, "codename": "change_client"}}, {"model": "auth.permission", "pk": 43, "fields": {"name": "Can delete client", "content_type": 11, "codename": "delete_client"}}, {"model": "auth.permission", "pk": 44, "fields": {"name": "Can view client", "content_type": 11, "codename": "view_client"}}, {"model": "contenttypes.contenttype", "pk": 1, "fields": {"app_label": "admin", "model": "logentry"}}, {"model": "contenttypes.contenttype", "pk": 2, "fields": {"app_label": "auth", "model": "permission"}}, {"model": "contenttypes.contenttype", "pk": 3, "fields": {"app_label": "auth", "model": "group"}}, {"model": "contenttypes.contenttype", "pk": 4, "fields": {"app_label": "auth", "model": "user"}}, {"model": "contenttypes.contenttype", "pk": 5, "fields": {"app_label": "contenttypes", "model": "contenttype"}}, {"model": "contenttypes.contenttype", "pk": 6, "fields": {"app_label": "sessions", "model": "session"}}, {"model": "contenttypes.contenttype", "pk": 7, "fields": {"app_label": "location", "model": "country"}}, {"model": "contenttypes.contenttype", "pk": 8, "fields": {"app_label": "location", "model": "state"}}, {"model": "contenttypes.contenttype", "pk": 9, "fields": {"app_label": "location", "model": "city"}}, {"model": "contenttypes.contenttype", "pk": 10, "fields": {"app_label": "store", "model": "store"}}, {"model": "contenttypes.contenttype", "pk": 11, "fields": {"app_label": "client", "model": "client"}}, {"model": "location.country", "pk": 1, "fields": {"name": "Benin", "code": "BJ"}}, {"model": "location.country", "pk": 2, "fields": {"name": "Benin", "code": "BJ"}}, {"model": "location.country", "pk": 3, "fields": {"name": "Benin", "code": "BJ"}}, {"model": "location.country", "pk": 4, "fields": {"name": "Bermuda", "code": "BM"}}, {"model": "location.country", "pk": 5, "fields": {"name": "Bhutan", "code": "BT"}}, {"model": "location.country", "pk": 6, "fields": {"name": "Bolivia", "code": "BO"}}, {"model": "location.country", "pk": 7, "fields": {"name": "Bosnia and Herzegovina", "code": "BA"}}, {"model": "location.country", "pk": 8, "fields": {"name": "Botswana", "code": "BW"}}, {"model": "location.country", "pk": 9, "fields": {"name": "Bouvet Island", "code": "BV"}}, {"model": "location.country", "pk": 10, "fields": {"name": "Brazil", "code": "BR"}}, {"model": "location.country", "pk": 11, "fields": {"name": "British Indian Ocean Territory", "code": "IO"}}, {"model": "location.country", "pk": 12, "fields": {"name": "Brunei Darussalam", "code": "BN"}}, {"model": "location.state", "pk": 1, "fields": {"name": "Choicen", "code": "CH", "country": 1}}, {"model": "location.state", "pk": 2, "fields": {"name": "Choicen", "code": "CH", "country": 2}}, {"model": "location.state", "pk": 3, "fields": {"name": "Choicen", "code": "CH", "country": 3}}, {"model": "location.state", "pk": 4, "fields": {"name": "Luxenburgo", "code": "LX", "country": 3}}, {"model": "location.state", "pk": 5, "fields": {"name": "Juanchito", "code": "JH", "country": 3}}, {"model": "location.state", "pk": 6, "fields": {"name": "Boyaca", "code": "By", "country": 3}}, {"model": "location.state", "pk": 7, "fields": {"name": "Alabama", "code": "BM", "country": 3}}, {"model": "location.state", "pk": 8, "fields": {"name": "Alaska", "code": "BM", "country": 4}}, {"model": "location.state", "pk": 9, "fields": {"name": "American", "code": "BM", "country": 4}}, {"model": "location.state", "pk": 10, "fields": {"name": "Arizona", "code": "BM", "country": 4}}, {"model": "location.state", "pk": 11, "fields": {"name": "Arkansas", "code": "BM", "country": 4}}, {"model": "location.state", "pk": 12, "fields": {"name": "Bermuda", "code": "BM", "country": 4}}, {"model": "location.state", "pk": 13, "fields": {"name": "Florida", "code": "FM", "country": 5}}, {"model": "location.state", "pk": 14, "fields": {"name": "Georgia", "code": "GR", "country": 5}}, {"model": "location.state", "pk": 15, "fields": {"name": "Guam", "code": "GM", "country": 5}}, {"model": "location.state", "pk": 16, "fields": {"name": "Hawaii", "code": "BM", "country": 5}}, {"model": "location.state", "pk": 17, "fields": {"name": "Idaho", "code": "BM", "country": 5}}, {"model": "location.state", "pk": 18, "fields": {"name": "Illinois", "code": "BM", "country": 6}}, {"model": "location.state", "pk": 19, "fields": {"name": "Indiana", "code": "BM", "country": 6}}, {"model": "location.state", "pk": 20, "fields": {"name": "Iowa", "code": "BM", "country": 6}}, {"model": "location.state", "pk": 21, "fields": {"name": "Kansas", "code": "BM", "country": 6}}, {"model": "location.state", "pk": 22, "fields": {"name": "Kentucky", "code": "BM", "country": 6}}, {"model": "location.state", "pk": 23, "fields": {"name": "Louisiana", "code": "BM", "country": 7}}, {"model": "location.state", "pk": 24, "fields": {"name": "Maine", "code": "BM", "country": 7}}, {"model": "location.state", "pk": 25, "fields": {"name": "Marshall", "code": "BM", "country": 7}}, {"model": "location.state", "pk": 26, "fields": {"name": "Maryland", "code": "BM", "country": 7}}, {"model": "location.state", "pk": 27, "fields": {"name": "Massachusetts", "code": "BM", "country": 7}}, {"model": "location.state", "pk": 28, "fields": {"name": "Ohio", "code": "BM", "country": 8}}, {"model": "location.state", "pk": 29, "fields": {"name": "Oklahoma", "code": "BM", "country": 8}}, {"model": "location.state", "pk": 30, "fields": {"name": "Oregon", "code": "BM", "country": 8}}, {"model": "location.state", "pk": 31, "fields": {"name": "Palau", "code": "BM", "country": 8}}, {"model": "location.state", "pk": 32, "fields": {"name": "Pennsylvania", "code": "BM", "country": 8}}, {"model": "location.state", "pk": 33, "fields": {"name": "Puerto", "code": "BM", "country": 9}}, {"model": "location.state", "pk": 34, "fields": {"name": "Rhode", "code": "BM", "country": 9}}, {"model": "location.state", "pk": 35, "fields": {"name": "Tennessee", "code": "BM", "country": 9}}, {"model": "location.state", "pk": 36, "fields": {"name": "Texas", "code": "BM", "country": 9}}, {"model": "location.state", "pk": 37, "fields": {"name": "Utah", "code": "BM", "country": 9}}, {"model": "location.state", "pk": 38, "fields": {"name": "Vermont", "code": "BM", "country": 10}}, {"model": "location.state", "pk": 39, "fields": {"name": "Virgin", "code": "BM", "country": 10}}, {"model": "location.state", "pk": 40, "fields": {"name": "Washington", "code": "BM", "country": 10}}, {"model": "location.state", "pk": 41, "fields": {"name": "West", "code": "BM", "country": 10}}, {"model": "location.state", "pk": 42, "fields": {"name": "Wisconsin", "code": "BM", "country": 10}}, {"model": "location.state", "pk": 43, "fields": {"name": "Wyoming", "code": "BM", "country": 11}}, {"model": "location.state", "pk": 44, "fields": {"name": "Bermuda", "code": "BM", "country": 11}}, {"model": "location.state", "pk": 45, "fields": {"name": "Bermuda", "code": "BM", "country": 11}}, {"model": "location.state", "pk": 46, "fields": {"name": "Bermuda", "code": "BM", "country": 11}}, {"model": "location.state", "pk": 47, "fields": {"name": "Bermuda", "code": "BM", "country": 11}}, {"model": "location.state", "pk": 48, "fields": {"name": "Bermuda", "code": "BM", "country": 12}}, {"model": "location.state", "pk": 49, "fields": {"name": "Bermuda", "code": "BM", "country": 12}}, {"model": "location.state", "pk": 50, "fields": {"name": "Bermuda", "code": "BM", "country": 12}}, {"model": "location.state", "pk": 51, "fields": {"name": "Bermuda", "code": "BM", "country": 12}}, {"model": "location.state", "pk": 52, "fields": {"name": "Bermuda", "code": "BM", "country": 12}}, {"model": "location.city", "pk": 1, "fields": {"name": "Duran", "code": "DN", "state": 3}}, {"model": "location.city", "pk": 2, "fields": {"name": "Teran", "code": "TN", "state": 3}}, {"model": "location.city", "pk": 3, "fields": {"name": "kentoki", "code": "KT", "state": 4}}, {"model": "location.city", "pk": 4, "fields": {"name": "Sal si puedes", "code": "SS", "state": 4}}, {"model": "location.city", "pk": 5, "fields": {"name": "Miranda", "code": "MD", "state": 5}}, {"model": "location.city", "pk": 6, "fields": {"name": "Baruda", "code": "BD", "state": 5}}, {"model": "location.city", "pk": 7, "fields": {"name": "Bermuda", "code": "BM", "state": 6}}, {"model": "location.city", "pk": 8, "fields": {"name": "Vichada", "code": "VH", "state": 6}}, {"model": "location.city", "pk": 9, "fields": {"name": "Bermuda", "code": "BM", "state": 7}}, {"model": "location.city", "pk": 10, "fields": {"name": "Bermuda", "code": "BM", "state": 7}}, {"model": "location.city", "pk": 11, "fields": {"name": "Bermuda", "code": "BM", "state": 8}}, {"model": "location.city", "pk": 12, "fields": {"name": "Bermuda", "code": "BM", "state": 8}}, {"model": "location.city", "pk": 13, "fields": {"name": "Bermuda", "code": "BM", "state": 9}}, {"model": "location.city", "pk": 14, "fields": {"name": "Bermuda", "code": "BM", "state": 9}}, {"model": "location.city", "pk": 15, "fields": {"name": "Bermuda", "code": "BM", "state": 10}}, {"model": "location.city", "pk": 16, "fields": {"name": "Bermuda", "code": "BM", "state": 10}}, {"model": "location.city", "pk": 17, "fields": {"name": "Bermuda", "code": "BM", "state": 11}}, {"model": "location.city", "pk": 18, "fields": {"name": "Bermuda", "code": "BM", "state": 11}}, {"model": "location.city", "pk": 19, "fields": {"name": "Bermuda", "code": "BM", "state": 12}}, {"model": "location.city", "pk": 20, "fields": {"name": "Bermuda", "code": "BM", "state": 12}}, {"model": "location.city", "pk": 21, "fields": {"name": "Bermuda", "code": "BM", "state": 13}}, {"model": "location.city", "pk": 22, "fields": {"name": "Bermuda", "code": "BM", "state": 13}}, {"model": "location.city", "pk": 23, "fields": {"name": "Bermuda", "code": "BM", "state": 14}}, {"model": "location.city", "pk": 24, "fields": {"name": "Bermuda", "code": "BM", "state": 14}}, {"model": "location.city", "pk": 25, "fields": {"name": "Bermuda", "code": "BM", "state": 15}}, {"model": "location.city", "pk": 26, "fields": {"name": "Bermuda", "code": "BM", "state": 15}}, {"model": "location.city", "pk": 27, "fields": {"name": "Bermuda", "code": "BM", "state": 16}}, {"model": "location.city", "pk": 28, "fields": {"name": "Bermuda", "code": "BM", "state": 16}}, {"model": "location.city", "pk": 29, "fields": {"name": "Bermuda", "code": "BM", "state": 17}}, {"model": "location.city", "pk": 30, "fields": {"name": "Bermuda", "code": "BM", "state": 17}}, {"model": "location.city", "pk": 31, "fields": {"name": "Bermuda", "code": "BM", "state": 18}}, {"model": "location.city", "pk": 32, "fields": {"name": "Bermuda", "code": "BM", "state": 18}}, {"model": "location.city", "pk": 33, "fields": {"name": "Bermuda", "code": "BM", "state": 19}}, {"model": "location.city", "pk": 34, "fields": {"name": "Bermuda", "code": "BM", "state": 19}}, {"model": "location.city", "pk": 35, "fields": {"name": "Bermuda", "code": "BM", "state": 20}}, {"model": "location.city", "pk": 36, "fields": {"name": "Bermuda", "code": "BM", "state": 20}}, {"model": "location.city", "pk": 37, "fields": {"name": "Bermuda", "code": "BM", "state": 21}}, {"model": "location.city", "pk": 38, "fields": {"name": "Bermuda", "code": "BM", "state": 21}}, {"model": "location.city", "pk": 39, "fields": {"name": "Bermuda", "code": "BM", "state": 22}}, {"model": "location.city", "pk": 40, "fields": {"name": "Bermuda", "code": "BM", "state": 22}}, {"model": "location.city", "pk": 41, "fields": {"name": "Bermuda", "code": "BM", "state": 23}}, {"model": "location.city", "pk": 42, "fields": {"name": "Bermuda", "code": "BM", "state": 23}}, {"model": "location.city", "pk": 43, "fields": {"name": "Bermuda", "code": "BM", "state": 24}}, {"model": "location.city", "pk": 44, "fields": {"name": "Bermuda", "code": "BM", "state": 24}}, {"model": "location.city", "pk": 45, "fields": {"name": "Bermuda", "code": "BM", "state": 25}}, {"model": "location.city", "pk": 46, "fields": {"name": "Bermuda", "code": "BM", "state": 25}}, {"model": "location.city", "pk": 47, "fields": {"name": "Bermuda", "code": "BM", "state": 26}}, {"model": "location.city", "pk": 48, "fields": {"name": "Bermuda", "code": "BM", "state": 26}}, {"model": "location.city", "pk": 49, "fields": {"name": "Bermuda", "code": "BM", "state": 27}}, {"model": "location.city", "pk": 50, "fields": {"name": "Bermuda", "code": "BM", "state": 27}}, {"model": "location.city", "pk": 51, "fields": {"name": "Bermuda", "code": "BM", "state": 28}}, {"model": "location.city", "pk": 52, "fields": {"name": "Bermuda", "code": "BM", "state": 28}}, {"model": "location.city", "pk": 53, "fields": {"name": "Bermuda", "code": "BM", "state": 29}}, {"model": "location.city", "pk": 54, "fields": {"name": "Bermuda", "code": "BM", "state": 29}}, {"model": "location.city", "pk": 55, "fields": {"name": "Bermuda", "code": "BM", "state": 30}}, {"model": "location.city", "pk": 56, "fields": {"name": "Bermuda", "code": "BM", "state": 30}}, {"model": "location.city", "pk": 57, "fields": {"name": "Bermuda", "code": "BM", "state": 31}}, {"model": "location.city", "pk": 58, "fields": {"name": "Bermuda", "code": "BM", "state": 31}}, {"model": "location.city", "pk": 59, "fields": {"name": "Bermuda", "code": "BM", "state": 32}}, {"model": "location.city", "pk": 60, "fields": {"name": "Bermuda", "code": "BM", "state": 32}}, {"model": "location.city", "pk": 61, "fields": {"name": "Bermuda", "code": "BM", "state": 33}}, {"model": "location.city", "pk": 62, "fields": {"name": "Bermuda", "code": "BM", "state": 33}}, {"model": "location.city", "pk": 63, "fields": {"name": "Bermuda", "code": "BM", "state": 34}}, {"model": "location.city", "pk": 64, "fields": {"name": "Bermuda", "code": "BM", "state": 34}}, {"model": "location.city", "pk": 65, "fields": {"name": "Bermuda", "code": "BM", "state": 35}}, {"model": "location.city", "pk": 66, "fields": {"name": "Bermuda", "code": "BM", "state": 35}}, {"model": "location.city", "pk": 67, "fields": {"name": "Bermuda", "code": "BM", "state": 36}}, {"model": "location.city", "pk": 68, "fields": {"name": "Bermuda", "code": "BM", "state": 36}}, {"model": "location.city", "pk": 69, "fields": {"name": "Bermuda", "code": "BM", "state": 37}}, {"model": "location.city", "pk": 70, "fields": {"name": "Bermuda", "code": "BM", "state": 37}}, {"model": "location.city", "pk": 71, "fields": {"name": "Bermuda", "code": "BM", "state": 38}}, {"model": "location.city", "pk": 72, "fields": {"name": "Bermuda", "code": "BM", "state": 38}}, {"model": "location.city", "pk": 73, "fields": {"name": "Bermuda", "code": "BM", "state": 39}}, {"model": "location.city", "pk": 74, "fields": {"name": "Bermuda", "code": "BM", "state": 39}}, {"model": "location.city", "pk": 75, "fields": {"name": "Bermuda", "code": "BM", "state": 40}}, {"model": "location.city", "pk": 76, "fields": {"name": "Bermuda", "code": "BM", "state": 40}}, {"model": "location.city", "pk": 77, "fields": {"name": "Bermuda", "code": "BM", "state": 41}}, {"model": "location.city", "pk": 78, "fields": {"name": "Bermuda", "code": "BM", "state": 41}}, {"model": "location.city", "pk": 79, "fields": {"name": "Bermuda", "code": "BM", "state": 42}}, {"model": "location.city", "pk": 80, "fields": {"name": "Bermuda", "code": "BM", "state": 42}}, {"model": "location.city", "pk": 81, "fields": {"name": "Bermuda", "code": "BM", "state": 43}}, {"model": "location.city", "pk": 82, "fields": {"name": "Bermuda", "code": "BM", "state": 43}}, {"model": "location.city", "pk": 83, "fields": {"name": "Bermuda", "code": "BM", "state": 44}}, {"model": "location.city", "pk": 84, "fields": {"name": "Bermuda", "code": "BM", "state": 44}}, {"model": "location.city", "pk": 85, "fields": {"name": "Bermuda", "code": "BM", "state": 45}}, {"model": "location.city", "pk": 86, "fields": {"name": "Bermuda", "code": "BM", "state": 45}}, {"model": "location.city", "pk": 87, "fields": {"name": "Bermuda", "code": "BM", "state": 46}}, {"model": "location.city", "pk": 88, "fields": {"name": "Bermuda", "code": "BM", "state": 46}}, {"model": "location.city", "pk": 89, "fields": {"name": "Bermuda", "code": "BM", "state": 47}}, {"model": "location.city", "pk": 90, "fields": {"name": "Bermuda", "code": "BM", "state": 47}}, {"model": "location.city", "pk": 91, "fields": {"name": "Bermuda", "code": "BM", "state": 48}}, {"model": "location.city", "pk": 92, "fields": {"name": "Bermuda", "code": "BM", "state": 48}}, {"model": "location.city", "pk": 93, "fields": {"name": "Bermuda", "code": "BM", "state": 49}}, {"model": "location.city", "pk": 94, "fields": {"name": "Bermuda", "code": "BM", "state": 49}}, {"model": "location.city", "pk": 95, "fields": {"name": "Bermuda", "code": "BM", "state": 50}}, {"model": "location.city", "pk": 96, "fields": {"name": "Bermuda", "code": "BM", "state": 50}}, {"model": "location.city", "pk": 97, "fields": {"name": "Bermuda", "code": "BM", "state": 51}}, {"model": "location.city", "pk": 98, "fields": {"name": "Bermuda", "code": "BM", "state": 51}}, {"model": "location.city", "pk": 99, "fields": {"name": "Bermuda", "code": "BM", "state": 52}}, {"model": "location.city", "pk": 100, "fields": {"name": "Bermuda", "code": "BM", "state": 52}}, {"model": "store.store", "pk": 1, "fields": {"name": "Kodak", "code": "Ko"}}, {"model": "store.store", "pk": 2, "fields": {"name": "Reebok", "code": "RE"}}, {"model": "store.store", "pk": 3, "fields": {"name": "Nike", "code": "NK"}}, {"model": "store.store", "pk": 4, "fields": {"name": "Colgafas", "code": "CF"}}, {"model": "store.store", "pk": 5, "fields": {"name": "Adidas", "code": "AD"}}, {"model": "store.store", "pk": 6, "fields": {"name": "Intel", "code": "IT"}}, {"model": "store.store", "pk": 7, "fields": {"name": "AMD", "code": "AD"}}, {"model": "store.store", "pk": 8, "fields": {"name": "Susuky", "code": "Su"}}, {"model": "store.store", "pk": 9, "fields": {"name": "Honda", "code": "AO"}}, {"model": "store.store", "pk": 10, "fields": {"name": "Kymco", "code": "Kc"}}, {"model": "client.client", "pk": 1, "fields": {"name": "Antonio", "surname": "Pototsi", "country": 1, "state": 1, "city": 1, "favorite_store": 5}}, {"model": "client.client", "pk": 2, "fields": {"name": "Josefina", "surname": "Perez", "country": 1, "state": 1, "city": 2, "favorite_store": 1}}, {"model": "client.client", "pk": 3, "fields": {"name": "Camilo", "surname": "Torres", "country": 1, "state": 2, "city": 1, "favorite_store": 9}}, {"model": "client.client", "pk": 4, "fields": {"name": "Lina", "surname": "Suarez", "country": 1, "state": 2, "city": 2, "favorite_store": 1}}, {"model": "client.client", "pk": 5, "fields": {"name": "Julián", "surname": "Suarez", "country": 2, "state": 1, "city": 1, "favorite_store": 7}}, {"model": "client.client", "pk": 6, "fields": {"name": "Juliana", "surname": "Pillume", "country": 2, "state": 1, "city": 1, "favorite_store": 5}}, {"model": "client.client", "pk": 7, "fields": {"name": "Antonia", "surname": "Tenorio", "country": 2, "state": 1, "city": 1, "favorite_store": 5}}, {"model": "client.client", "pk": 8, "fields": {"name": "Julián", "surname": "Tenorio", "country": 2, "state": 2, "city": 2, "favorite_store": 5}}, {"model": "client.client", "pk": 9, "fields": {"name": "Julián", "surname": "Torres", "country": 2, "state": 2, "city": 1, "favorite_store": 3}}, {"model": "client.client", "pk": 10, "fields": {"name": "Ana maria", "surname": "GOmez", "country": 3, "state": 2, "city": 1, "favorite_store": 9}}]